{"cameraMode":{"drawMode":0,"name":"Shaded","section":"Shading Mode"},"sceneLighting":true,"audioPlay":false,"sceneViewState":{"showFog":true,"showMaterialUpdate":true,"showSkybox":true,"showFlares":true,"showImageEffects":true,"showParticleSystems":true},"in2DMode":false,"pivot":{"x":-8.009184837341309,"y":5.68961238861084,"z":-4.652019023895264},"rotation":{"x":-0.12898530066013337,"y":0.6713823080062866,"z":-0.1203063353896141,"w":-0.719817578792572},"size":11.467803001403809,"orthographic":false}