{"cameraMode":{"drawMode":0,"name":"Shaded","section":"Shading Mode"},"sceneLighting":true,"audioPlay":false,"sceneViewState":{"showFog":true,"showMaterialUpdate":false,"showSkybox":true,"showFlares":true,"showImageEffects":true,"showParticleSystems":true},"in2DMode":false,"pivot":{"x":-7.102316856384277,"y":0.7492685317993164,"z":6.009910583496094},"rotation":{"x":-0.2184430956840515,"y":0.39775601029396059,"z":-0.09810078889131546,"w":-0.88569176197052},"size":9.77939224243164,"orthographic":false}